the dead authors podcast, 1
mission to zyxx, 3
improv4humans, 2
hello from the magic tavern, 5
offbook, 1
teachers lounge, 1
honorary mention goes to a live play podcast using improvisers: twenty sided stories, 1
civilized, 1
off book: the improvised musical, 2
stellar firma, 1
improvised star trek, 2
the andy daly podcast pilot project, 1
hello,from the magic tavern, 1
improv4humans w/ matt besser, 1
improv nerd with jimmy carrane, 2
pistol shrimps radio, 1
spontaneanation w/paul f.tompkins, 1
womp it up! w/wompler + listler, 1
comedy bang bang! the podcast, 1
with special guest lauren lapkus, 2
superego, 3
the adventure zone, 1
the meat improv, 1
beef and dairy network podcast, 1
beautiful stories from anonymous people, 1
harmontown, 1
trust, 1
off book, 1
judge john hodgman, 1
missi and zach might bang, 1
dracula, a comedy of terrors, 2
io u: an interview, 2
concrete cowboys, 1
thats b.s., 1
slightly struggling, 1
#themorningshift: where shift happens, 1
three good good boys, 2
4, 3, 2 - fun! the shenanigans podcast, 1
magic morning, 1
weekend writer's room, 2
firsthand: geniuses, 1
your daily dose with bob and nick, 1
two guys, one mug, 1
short stuff podcast, 2
sippin' 40s with jacob & giovanni, 1
valoudreaming, 1
wording is hard, 2
meditation with gary, 1
late night club, 1
locked in: the baseball podcast, 2
read it on reddit, 1
world of darkness, 1
rubber ducks and flamingos, 1
bruno dans la radio, 1
pocheando ando, 1
mega, 2
, 6
cosmonaut tabletop, 1
review revue, 1
 podcast, 1
podcast about list, 1
the basement yard, 2
a drunken place, 1
insecuritea, 1
dis504girl, 1
the tony talks podcast, 1
saving sex and the city 3, 1
improv4humans with matt besser, 3
improv obsession - conversations about improvising better, 1
1334show, 1
balbaro que podcast, 1
brain jail, 1
distorted view daily, 1
quizzlemania: a wrestling comedy quiz show!, 1
ghostrunners, 1
small town news, 1
apocalypse bros, 1
i didnt ask for a sister, 1
simulation theory, 1
my neighbors are dead, 1
goth and bougie podcast, 1
professional contestants, 1
youre the man now dog, 1
cricket squadron, 1
 (podcast), 1
alabaster peaks - an improvised podcast, 1
the rob bartlett radio comedy hour, 1
mortal enemies, 1
world record podcast with brendon walsh, 1
dwch typw podcast, 1
very random encounters: chaotic improv actual play, 1
no joke podcast, 1
the crow chronicles, 1
don't eat all the meatballs!, 1
dr. fix me, 1
hysterical women, 1
mr. n'appropriate, 1
afternoonified, 1
talking it out - rt, 1
the underculture with james adomian, 1
baldy's take, 1
kevin matthews, 1
the dollop with dave anthony and gareth reynolds, 2
the dollop - england & uk, 1
jim and them, 1
tell me i'm wrong, 1
jacked, 1
o'brien & bolt: the podcasts, 1
the gruesome twosome, 1
vrdegrunden, 1
the shpodcast, 1
podcast by the street, 1
the rank 'em podcast, 1
chilluminati podcast, 1
please save me, 1
this is not a cult podcast, 1
for or against, 1
riled up with arielle & matt, 1
todo se me resbala, 1
knuck if you brunch, 1
two in the think tank, 1
interesting if true, 1
fala memo, 1
super fun time trivia, 1
good morning from hell, 1
a corporate time with tom and dan, 1
tuesday night train wreck, 1
harpy hour, 1
lets talk stoned, 1
deck of friendship!, 1
wolf pack migos, 1
pisteando y platicando, 1
nights at the round table, 1
dee holt in the mfn morning, 1
the stubborn heroes: a d&d podcast, 1
real_bitch_shit, 1
teen talk!, 1
the mustache rangers podcast: comedy | sci-fi | improv, 1
the digital gumbo podcast, 1
qu yico de coco celis, 1
nightgeist, 1
the podcast brothers, 1
pretending to be people, 1
da rona report with mandii b, 1
comedy gravy, 1
head in the clouds, 1
uplifting..., 1
questionable material with jack & brian, 1
worst foot forward, 1
fudged roll, 1
why bother, 1
two moms + a mic, 1
fanatical fics and where to find them: a harry potter fanfiction podcast, 1
out of context, 1
bae with a z podcast, 1
poorly educated, 1
deep fried, 1
be offended radio, 1
nonsense, 1
the rad dudecast, 1
the try hards podcast, 1
quick question with soren and daniel, 1
high speed dining (+ marijuana ringtones) with stoner food critic joel haas, 2
illusionoid, 1
a mediocre time with tom and dan, 1
the sip&chill show, 1
i will write your book, 1
i'm too effing high, 1
the ed bassmaster podcast, 1
moonshine chronicles, 1
boozy betties, 1
20 sided stories, 1
the men's room, 1
cals pals first podcast, 1
le vacher time, 1
the high pitch erik show, 1
unload the week, 1
on the spot, 1
el cuido podcast, 1
the team trash cast, 1
gettin peggy wit it, 1
our vaginas against the universe, 1
not another d&d podcast, 1
pickle throwers, 1
the broke daddies, 1
we danglin, 1
larry miller show, 2
ningn chile te embona, 1
lunch club podcast, 1
people pleasing, 1
thank you please, 1
audio obscura, 1
crank yankers, 1
troubled waters, 1
the complete woman, 1
the headgum podcast, 1
second best: a dnd adventure, 1
poorly read podcast - season one: harry potter, 1
expert on everything, 1
hello dysfunction, 1
deniz gkta'a ayracak vaktim yok, 1
the improv chronicle podcast, 2
the big ones, 1
the communion, 1
trailer park boys, 1
alchemy this, 3
mixed opinions podcast, 1
cilantro al aire, 1
the sacred books of britney spears, 1
podcast minute talk show, 1
talkin' trader joes, 1
unapologetically human, 1
voyage to the stars, 2
dispatches from the multiverse, 1
the snooze button wake up show, 1
annoyingly positive podcast, 1
firsthand, 1
thisblondebrunette, 1
if u know u know, 1
listen to this while you shit, 1
posomcast, 1
being earnest, 1
affermazioni positive, 1
documented bits, 1
free time, 1
big brain time, 1
cryptid technical, 1
supermegacast, 1
teen girl talks, 1
blivet - an improvised radio play podcast, 1
shusher guided meditations, 1
everyone bailed, 1
funbone local, 1
the commercial break, 1
the no town saints sketchcast, 1
the scott alan turner show | financial rock star, 1
the backline - an improv podcast, 1
improv comedy connection, 1
improv london podcast, 1
improv interviews, 2
improv, beat by beat, 1
big town improv with jesse moriarty and josh pilch, 1
improv - the joy of yes!, 1
good improv, 1
audio based content: an improv comedy podcast, 1
the improv lifestyle, 1
improv touchstones, 1
improv, 1
improv radiov, 1
the improv punch up  podcavern, 1
improv comedy institute podcast, 1
solo improv comedy, 1
the paper towel improv podcast: quick bites with rafi, 1
what is improv podcast, 1
the meat improv with jake jabbour and josh simpson, 2
giggle me this - improv podcast, 1
galaxy factory improv, 1
improv tips, 1
hoopla improv podcast, 1
improv resource center podcast, 1
improv'd - a stayfreshstayraw podcast, 1
improv comedy, 1
go through the door - fearless improv, 1
mischief improv, 1
improv yak, 1
earprov podcast, 1
penance rpg, 1
the brocast network, 1
interview hour, 1
the health ranger report, 1
the world of phil hendrie, 1
loljk, 1
hysterical history, 1
beginnings, 1
the art of bombing, 1
chronicles of the unstable, 1
high and mighty, 1
wasting all the time, 1
cover my ass, 1
swallows of the south, 1
hypotheticast, 1
the dead bedouins podcast, 1
